difficulty,ChrfPatchMetric,TERMetric,PatchMetric,BleuPatchMetric,LineMetric,TERPatchMetric,ChrfMetric,BleuMetric,CrystalBleuPatchMetric,CrystalBleuMetric,MSEMetric,FeatureMatchMetric,ClipTextMetric,ImageDiffMetric,ClipImageMetric,LPIPSMetric,PSNRMetric,MSSSIMMetric
easy,43.465603,94.51921,7.6923075,22.262846,38.46154,58.332905,98.40211,94.98604,21.665459,93.740555,97.16033,55.618263,24.622536,69.86627,95.88595,87.766655,45.901157,81.32559
medium,33.469643,88.483116,0.0,10.402562,23.076923,54.2041,96.21202,89.52713,9.679882,87.63345,98.95344,63.25626,25.827127,69.36458,98.42978,92.995575,43.995136,88.79162
hard,15.150899,90.211334,0.0,1.19726,8.333333,51.558117,95.31265,91.1882,1.199746,89.22262,98.29883,55.34238,26.348265,65.107864,96.44042,87.51766,41.22398,81.785194
