difficulty,ChrfPatchMetric,PatchMetric,TERMetric,ChrfMetric,BleuMetric,TERPatchMetric,LineMetric,BleuPatchMetric,CrystalBleuPatchMetric,CrystalBleuMetric,MSSSIMMetric,MSEMetric,FeatureMatchMetric,PSNRMetric,LPIPSMetric,ClipTextMetric,ClipImageMetric
easy,43.465603,7.6923075,94.51921,98.40211,94.98604,58.332905,38.46154,22.262846,21.665459,93.740555,81.32559,97.16033,55.618263,45.901157,87.766655,24.622532,95.88594
medium,33.469643,0.0,88.483116,96.21202,89.52713,54.2041,23.076923,10.402562,9.679882,87.63345,88.79162,98.95344,63.25626,43.995136,92.995575,25.827127,98.42977
hard,15.150899,0.0,90.211334,95.31265,91.1882,51.558117,8.333333,1.19726,1.199746,89.22262,81.785194,98.29883,55.34238,41.22398,87.51766,26.348265,96.44041
