difficulty,ChrfPatchMetric,TERMetric,PatchMetric,BleuPatchMetric,LineMetric,TERPatchMetric,ChrfMetric,BleuMetric,CrystalBleuPatchMetric,CrystalBleuMetric,MSEMetric,FeatureMatchMetric,ClipTextMetric,ImageDiffMetric,ClipImageMetric,LPIPSMetric,PSNRMetric,MSSSIMMetric
easy,40.08046,95.757576,0.0,3.930827,0.0,51.25,98.591225,95.84018,3.6800578,94.36179,99.59987,58.064518,25.336811,70.89647,99.26483,95.90359,39.84434,93.99759
medium,35.73415,93.965515,0.0,6.236731,0.0,51.38889,97.63793,92.95981,5.326376,92.516754,99.68322,67.567566,25.674559,70.65435,99.084465,95.829666,44.33442,93.51645
hard,14.615059,91.180305,0.0,0.94745725,0.0,51.432426,96.13464,92.9781,0.7974819,91.975975,99.56619,55.262444,25.860937,66.65065,99.54613,93.63303,42.685886,90.68502
