difficulty,ChrfPatchMetric,PatchMetric,TERMetric,ChrfMetric,BleuMetric,TERPatchMetric,LineMetric,BleuPatchMetric,CrystalBleuPatchMetric,CrystalBleuMetric,MSSSIMMetric,MSEMetric,FeatureMatchMetric,PSNRMetric,LPIPSMetric,ClipTextMetric,ClipImageMetric
easy,40.08046,0.0,95.757576,98.591225,95.84018,51.25,0.0,3.930827,3.6800578,94.36179,93.99759,99.59987,58.064518,39.84434,95.90359,25.336807,99.26482
medium,35.73415,0.0,93.965515,97.63793,92.95981,51.38889,0.0,6.236731,5.326376,92.516754,93.51645,99.68322,67.567566,44.33442,95.829666,25.674564,99.08444
hard,14.615059,0.0,91.180305,96.13464,92.9781,51.432426,0.0,0.94745725,0.7974819,91.975975,90.68502,99.56619,55.262444,42.685886,93.63303,25.860937,99.54613
