difficulty,TERPatchMetric,ChrfMetric,BleuMetric,LineMetric,ChrfPatchMetric,TERMetric,BleuPatchMetric,PatchMetric,CrystalBleuPatchMetric,CrystalBleuMetric,MSSSIMMetric,MSEMetric,FeatureMatchMetric,PSNRMetric,LPIPSMetric,ClipTextMetric,ClipImageMetric
easy,60.32648,97.24638,91.829094,34.803925,50.858433,89.58985,27.803858,0.0,27.09724,90.09161,84.95021,98.61144,58.91866,41.99962,90.93183,25.590012,97.97787
medium,58.794704,97.59129,93.30413,34.210526,43.13811,91.71813,21.985466,0.0,20.839909,91.102234,91.62062,99.24818,67.82656,45.35784,94.519554,25.64741,99.201096
hard,51.978725,95.53501,90.3662,7.142857,18.16194,85.720085,2.3932528,0.0,2.1087348,88.816414,86.99088,98.84679,63.11404,42.577446,90.40039,25.44351,98.438515
