difficulty,TERPatchMetric,ChrfMetric,BleuMetric,LineMetric,ChrfPatchMetric,TERMetric,BleuPatchMetric,PatchMetric,CrystalBleuPatchMetric,CrystalBleuMetric,MSSSIMMetric,MSEMetric,FeatureMatchMetric,PSNRMetric,LPIPSMetric,ClipTextMetric,ClipImageMetric
easy,52.272728,97.97674,95.84018,0.0,46.975094,95.975235,13.279688,0.0,13.546466,93.07527,93.99497,99.66607,67.34694,43.175064,95.29577,25.463772,99.21024
medium,53.061226,97.84046,94.18049,0.0,35.94113,94.38202,6.7258353,0.0,4.491189,92.33086,95.11164,99.73741,78.26087,44.340443,97.34933,25.4167,99.62338
hard,51.694916,96.329796,91.32378,0.0,18.98368,88.181816,1.2411865,0.0,0.91004527,89.05184,84.0721,98.93646,56.435642,39.407284,89.420265,25.811075,99.27076
