{"line_score": 0.5, "patches_score": 0.0, "varscore": 49.200236797332764, "text_scores": 19.727232933044434, "image_score": 78.6732406616211, "compiling_score": 0.25, "parsing_score": 0.9}