difficulty,best_TERMetric,best_ChrfPatchMetric,best_BleuPatchMetric,best_LineMetric,best_PatchMetric,best_TERPatchMetric,best_ChrfMetric,best_BleuMetric,best_CrystalBleuPatchMetric,best_CrystalBleuMetric,best_ClipTextMetric,best_PSNRMetric,best_FeatureMatchMetric,best_LPIPSMetric,best_MSSSIMMetric,best_MSEMetric,best_ClipImageMetric
easy,95.64330757988824,58.20401260587904,38.37792847719457,58.333333333333336,0.0,64.42923227945964,98.1459231906467,95.73148685031467,37.80851596924994,94.55147976345486,26.15389421251085,43.43651432461209,66.33360237545438,92.9688852098253,84.95795366499159,99.02189424302843,99.00172339545355
medium,95.63731665360301,38.904656284733825,17.27969950947322,23.68421052631579,0.0,57.81685176648592,98.08777819181743,95.3224912944593,16.339751293784694,93.94332403885691,25.75236701965332,45.616377579538444,69.43099574038857,93.65772106772975,90.49829713921798,99.0778664036801,98.93584321674548
hard,92.99924850463867,35.46098744869232,14.181611988693476,18.749999523162842,0.0,56.01293659210205,96.65478610992432,93.63135814666748,12.3663091622293,91.60168266296387,26.066476106643677,40.79822015762329,64.77633333206177,90.38349533081055,88.15987777709961,98.90418148040771,98.58291721343994
