difficulty,best_TERMetric,best_ChrfPatchMetric,best_BleuPatchMetric,best_LineMetric,best_PatchMetric,best_TERPatchMetric,best_ChrfMetric,best_BleuMetric,best_CrystalBleuPatchMetric,best_CrystalBleuMetric,best_ClipTextMetric,best_PSNRMetric,best_FeatureMatchMetric,best_LPIPSMetric,best_MSSSIMMetric,best_MSEMetric,best_ClipImageMetric
easy,97.68926620483398,58.907413482666016,27.088269233703613,100.0,0.0,54.763105392456055,98.64519882202148,96.5792007446289,27.41167163848877,94.81343460083008,26.005331993103027,44.80284309387207,67.42346954345703,96.72964859008789,95.5202522277832,99.77804565429688,99.43677139282227
medium,96.26168060302734,37.39426040649414,5.031382083892822,0.0,0.0,51.72413635253906,98.18386840820312,95.46688079833984,3.887052297592163,93.74562072753906,25.56161117553711,45.60618209838867,77.10843658447266,97.08219146728516,96.78709411621094,99.67127227783203,99.46461486816406
hard,93.25678253173828,34.0084867477417,7.0298144817352295,0.0,0.0,53.40342140197754,97.36157989501953,93.18013381958008,6.5355987548828125,91.94839477539062,26.084300994873047,39.89175987243652,66.36418533325195,88.62199783325195,86.57755661010742,98.90488815307617,99.49126815795898
