difficulty,TERPatchMetric,ChrfMetric,BleuMetric,ChrfPatchMetric,TERMetric,BleuPatchMetric,LineMetric,PatchMetric,CrystalBleuPatchMetric,CrystalBleuMetric,MSSSIMMetric,FeatureMatchMetric,MSEMetric,PSNRMetric,LPIPSMetric,ClipTextMetric,ClipImageMetric
easy,58.38813,97.46342,92.6842,37.022373,93.035126,21.562523,30.555555,5.5555553,20.870478,90.229095,83.96006,66.27216,98.67934,44.66149,90.84108,26.175392,97.99222
medium,56.155415,96.40149,89.28691,34.894733,86.88019,17.087778,26.31579,0.0,16.621313,86.7097,83.023865,60.807335,97.588844,42.845848,87.59832,25.134281,97.21936
hard,51.277275,95.662186,91.78621,16.991205,89.48326,1.0182511,15.0,0.0,0.91933423,89.55034,79.408844,55.38192,98.16524,39.98703,85.56272,25.45075,97.24865
