difficulty,TERPatchMetric,ChrfMetric,BleuMetric,ChrfPatchMetric,TERMetric,BleuPatchMetric,LineMetric,PatchMetric,CrystalBleuPatchMetric,CrystalBleuMetric,MSSSIMMetric,FeatureMatchMetric,MSEMetric,PSNRMetric,LPIPSMetric,ClipTextMetric,ClipImageMetric
easy,51.674107,98.59065,96.66302,25.59174,97.8053,4.98434,0.0,0.0,4.876801,95.287735,94.35149,68.66883,99.59631,41.50309,93.56691,25.584764,98.58812
medium,50.0,97.86229,94.43527,23.348406,94.92538,2.3115017,0.0,0.0,1.8315957,93.60215,94.035225,68.51852,99.60328,42.158134,95.64376,25.20488,98.96529
hard,50.987396,95.47284,93.41678,17.017822,92.310135,0.90488845,0.0,0.0,0.74200284,90.08917,87.72137,62.97065,99.16047,39.56312,90.40671,25.194393,98.98746
