config,PatchMetric,LineMetric,LPIPSMetric,TERMetric,ClipTextMetric,MSEMetric,TERPatchMetric,PSNRMetric,ChrfMetric,BleuMetric,ChrfPatchMetric,BleuPatchMetric,CrystalBleuPatchMetric,CrystalBleuMetric,MSSSIMMetric,ClipImageMetric,FeatureMatchMetric
simpleLLM_deepseekr1distillllama70b_pk_1_t_0.7,0.0,20.833333015441895,93.75041198730469,96.88888549804688,26.22460174560547,99.60327911376953,52.44755172729492,44.60697555541992,98.49745178222656,96.54989624023438,44.2834358215332,12.194119453430176,12.272002220153809,95.30587768554688,94.13685607910156,99.3470230102539,74.69879150390625
simpleLLM_llama3.18binstant_pk_1_t_0.7,0.0,0.0,86.97853469848633,93.76323318481445,25.91471576690674,98.60927963256836,52.57722854614258,38.63233184814453,97.69123458862305,93.56037902832031,28.45180892944336,3.5721683502197266,3.209938168525696,92.48295593261719,80.65817260742188,98.26811981201172,49.820281982421875
simpleLLM_llama3.370bversatile_pk_1_t_0.7,0.0,50.0,94.2149429321289,95.21403884887695,26.588906288146973,99.47608947753906,56.90359306335449,42.5669059753418,98.04625701904297,95.1417121887207,53.7192325592041,27.137763023376465,25.735650062561035,93.9366683959961,91.72326278686523,99.39451599121094,69.07484436035156
simpleLLM_llama370b8192_pk_1_t_0.7,0.0,0.0,93.5999526977539,94.11408615112305,26.181453704833984,99.49783325195312,54.633033752441406,42.081119537353516,97.71051406860352,93.8980598449707,41.86665344238281,13.488061428070068,13.296629905700684,92.73416900634766,90.56855010986328,99.1982192993164,56.43564224243164
simpleLLM_mixtral8x7b32768_pk_1_t_0.7,0.0,0.0,91.15380096435547,90.44368743896484,26.639028549194336,99.17857360839844,51.26050567626953,39.74724197387695,96.92535400390625,91.56959533691406,29.78882598876953,5.608827590942383,3.7166967391967773,90.2001953125,89.25450134277344,97.98489379882812,55.4054069519043
