difficulty,TERPatchMetric,BleuMetric,ChrfMetric,PatchMetric,TERMetric,ChrfPatchMetric,BleuPatchMetric,LineMetric,CrystalBleuPatchMetric,CrystalBleuMetric,MSSSIMMetric,FeatureMatchMetric,MSEMetric,PSNRMetric,LPIPSMetric,ClipTextMetric,ClipImageMetric
easy,52.63158,76.349335,84.644066,0.0,82.286064,33.62479,9.969778,16.666666,11.095126,73.73471,58.65878,17.825167,96.78034,36.550068,75.93809,21.147318,89.382904
medium,57.589287,80.29149,88.03941,0.0,85.19434,49.110653,20.773985,50.0,19.988403,75.42732,46.692772,23.064516,96.73395,36.41971,74.89174,21.720814,87.30487
