difficulty,TERPatchMetric,BleuMetric,ChrfMetric,PatchMetric,TERMetric,ChrfPatchMetric,BleuPatchMetric,LineMetric,CrystalBleuPatchMetric,CrystalBleuMetric,MSSSIMMetric,FeatureMatchMetric,MSEMetric,PSNRMetric,LPIPSMetric,ClipTextMetric,ClipImageMetric
easy,50.0,81.99679,88.40007,0.0,89.30232,42.476864,11.367426,0.0,12.615867,78.532394,52.086033,19.67213,97.754196,35.05328,78.36892,22.726177,93.15726
medium,57.589287,80.29149,88.03941,0.0,85.19434,49.110653,20.773985,50.0,19.988403,75.42732,46.692772,23.064516,96.73395,36.41971,74.89174,21.720814,87.30487
