difficulty,best_LineMetric,best_TERMetric,best_ChrfPatchMetric,best_BleuPatchMetric,best_PatchMetric,best_TERPatchMetric,best_ChrfMetric,best_BleuMetric,best_CrystalBleuPatchMetric,best_CrystalBleuMetric,best_ClipTextMetric,best_PSNRMetric,best_FeatureMatchMetric,best_LPIPSMetric,best_MSSSIMMetric,best_MSEMetric,best_ClipImageMetric
easy,34.80392141903148,89.58985317454619,50.858433050267834,27.803857521975743,0.0,60.32648019229664,97.24637917911305,91.8290968502269,27.097240487442296,90.09161915498622,25.590013167437384,41.999620998606964,58.9186590980081,90.93183573554543,84.95020922492532,98.61144391228171,97.97787296070771
medium,34.21052631578947,91.71813442832546,43.138114301781904,21.985465911658185,0.0,58.794705842670645,97.59129855507298,93.30412573563426,20.83990862573448,91.10223107588918,25.647409840633994,45.35784169247276,67.82655866522538,94.51955654746608,91.62061711361534,99.24817456697163,99.20109277022512
hard,7.142857142857143,85.72008296421596,18.161939689091273,2.3932528203087196,0.0,51.97872706821987,95.53500584193638,90.36620003836495,2.1087348791105405,88.81641387939453,25.443510600498744,42.577444893973215,63.114039829799104,90.400392804827,86.99088178362165,98.84678867885044,98.43851361955915
