difficulty,best_LineMetric,best_TERMetric,best_ChrfPatchMetric,best_BleuPatchMetric,best_PatchMetric,best_TERPatchMetric,best_ChrfMetric,best_BleuMetric,best_CrystalBleuPatchMetric,best_CrystalBleuMetric,best_ClipTextMetric,best_PSNRMetric,best_FeatureMatchMetric,best_LPIPSMetric,best_MSSSIMMetric,best_MSEMetric,best_ClipImageMetric
easy,0.0,95.97523498535156,46.975093841552734,13.279687881469727,0.0,52.272727966308594,97.97673797607422,95.84017944335938,13.546465873718262,93.07527160644531,25.46377182006836,43.17506408691406,67.34693908691406,95.29576873779297,93.9949722290039,99.66606903076172,99.21024322509766
medium,0.0,94.38201904296875,35.941131591796875,6.72583532333374,0.0,53.06122589111328,97.84046173095703,94.18048858642578,4.491189002990723,92.33085632324219,25.41670036315918,44.3404426574707,78.26087188720703,97.34932708740234,95.11164093017578,99.73741149902344,99.62338256835938
hard,0.0,88.18181610107422,18.983680725097656,1.241186499595642,0.0,51.694915771484375,96.32979583740234,91.32377624511719,0.9100452661514282,89.05184173583984,25.81107521057129,39.407283782958984,56.43564224243164,89.4202651977539,84.07209777832031,98.93646240234375,99.27075958251953
