difficulty,best_TERPatchMetric,best_ChrfMetric,best_BleuMetric,best_ChrfPatchMetric,best_TERMetric,best_BleuPatchMetric,best_LineMetric,best_PatchMetric,best_CrystalBleuPatchMetric,best_CrystalBleuMetric,best_ClipTextMetric,best_PSNRMetric,best_FeatureMatchMetric,best_LPIPSMetric,best_MSSSIMMetric,best_MSEMetric,best_ClipImageMetric
easy,64.94875583648681,98.15083312988281,96.81754570007324,62.010878276824954,96.14964790344239,41.53259463012218,63.33333320617676,15.0,40.72253884971142,95.47343063354492,25.28814001083374,50.616945838928224,63.65258603096008,92.46680545806885,82.16467938423156,98.77841491699219,98.24175262451172
medium,56.77416000366211,98.40900268554688,96.04772338867187,33.012655377388,95.89527702331543,15.409163346141577,25.0,0.0,14.8644366286695,94.97548713684083,25.737148380279542,45.55993118286133,72.8964346408844,94.00136070251465,91.6910614013672,99.19483108520508,98.9219295501709
hard,54.055335998535156,96.74023246765137,93.51422309875488,22.340346455574036,90.9194164276123,7.58772386983037,25.0,0.0,6.917331166565418,91.69503211975098,25.665569067001343,42.41176509857178,70.4266586303711,90.21815299987793,88.08691310882568,98.9972972869873,99.47145175933838
