difficulty,best_TERPatchMetric,best_ChrfMetric,best_BleuMetric,best_ChrfPatchMetric,best_TERMetric,best_BleuPatchMetric,best_LineMetric,best_PatchMetric,best_CrystalBleuPatchMetric,best_CrystalBleuMetric,best_ClipTextMetric,best_PSNRMetric,best_FeatureMatchMetric,best_LPIPSMetric,best_MSSSIMMetric,best_MSEMetric,best_ClipImageMetric
easy,55.20613098144531,98.68853378295898,97.64233016967773,68.30344009399414,97.98049545288086,36.07790565490723,100.0,0.0,35.19149398803711,96.08428192138672,25.49574089050293,43.489871978759766,71.84782791137695,96.13458251953125,94.01644515991211,99.67506408691406,99.08284759521484
medium,51.89285659790039,98.72075653076172,96.58548736572266,27.42018985748291,96.31432342529297,5.761006832122803,0.0,0.0,4.971301078796387,94.76234817504883,25.73084545135498,45.90814208984375,75.70555877685547,97.4998893737793,97.01897048950195,99.77127456665039,99.42136001586914
hard,51.581233978271484,97.26706314086914,95.44553756713867,25.110054969787598,96.2242546081543,3.054113507270813,0.0,0.0,2.345994234085083,93.47620010375977,25.718040466308594,40.6674747467041,73.9140853881836,87.46663665771484,85.72869110107422,99.11738967895508,99.59342956542969
