{"LineMetric": 1.0, "PatchMetric": 0.5, "ClipTextMetric": 26.400954246520996, "ClipImageMetric": 99.9999885559082}