{"ChrfMetric": 99.09738260247644, "ClipTextMetric": 26.54604434967041, "LineMetric": 50.0, "TERMetric": 95.24793388429752, "PatchMetric": 0.0, "BleuMetric": 94.86588444714296, "ClipImageMetric": 99.95647811889648}