{"line_score": 1.0, "diffs_score": 1.0, "varscore": 1.0, "text_scores": 28.196943283081055, "image_score": 99.01638793945312, "compiling_score": 1.0, "parsing_score": 1.0}