difficulty,PatchMetric,BleuMetric,TERPatchMetric,ChrfMetric,ChrfPatchMetric,LineMetric,TERMetric,BleuPatchMetric,CrystalBleuPatchMetric,CrystalBleuMetric,MSSSIMMetric,MSEMetric,FeatureMatchMetric,PSNRMetric,LPIPSMetric,ClipTextMetric,ClipImageMetric
easy,0.0,96.00233,63.985832,98.083435,56.31742,56.481483,95.16869,36.291573,35.522182,94.59968,87.22683,99.06051,63.35785,42.64705,92.76013,25.845795,98.47432
medium,0.0,95.586815,58.43165,98.262314,37.44244,26.31579,95.52895,17.619898,16.906591,94.339165,90.90803,99.18868,71.070465,45.655975,94.42144,25.698801,99.27329
hard,0.0,92.38866,54.76758,96.39464,37.41132,31.666666,89.71904,12.301981,10.842379,90.389725,88.65505,98.97129,64.71471,42.748367,91.61627,25.796413,98.86095
