difficulty,ChrfPatchMetric,TERMetric,PatchMetric,BleuPatchMetric,LineMetric,TERPatchMetric,ChrfMetric,BleuMetric,CrystalBleuPatchMetric,CrystalBleuMetric,MSEMetric,FeatureMatchMetric,ClipTextMetric,ImageDiffMetric,ClipImageMetric,LPIPSMetric,PSNRMetric,MSSSIMMetric
easy,56.31742,95.16869,0.0,36.291573,56.481483,63.985832,98.083435,96.00233,35.522182,94.59968,99.06051,63.35785,25.845795,70.7111,98.47433,92.76013,42.64705,87.22683
medium,37.44244,95.52895,0.0,17.619898,26.31579,58.43165,98.262314,95.586815,16.906591,94.339165,99.18868,71.070465,25.698801,72.25656,99.27329,94.42144,45.655975,90.90803
hard,37.41132,89.71904,0.0,12.301981,31.666666,54.76758,96.39464,92.38866,10.842379,90.389725,98.97129,64.71471,25.796413,68.88638,98.86095,91.61627,42.748367,88.65505
