difficulty,PatchMetric,BleuMetric,TERPatchMetric,ChrfMetric,ChrfPatchMetric,LineMetric,TERMetric,BleuPatchMetric,CrystalBleuPatchMetric,CrystalBleuMetric,MSSSIMMetric,MSEMetric,FeatureMatchMetric,PSNRMetric,LPIPSMetric,ClipTextMetric,ClipImageMetric
easy,0.0,96.5792,55.544357,98.6452,56.438305,83.33333,97.68927,25.955952,25.743456,95.47096,92.42849,99.664536,62.36199,41.12207,95.5362,25.444635,99.18761
medium,0.0,95.46688,52.77778,98.218254,34.49369,0.0,95.665634,5.7632375,6.106999,93.805275,96.787094,99.67127,77.10844,45.606182,97.38159,25.62645,99.464615
hard,0.0,92.94472,52.86836,96.52077,40.115948,0.0,93.408966,6.2956357,5.7126503,90.96173,90.64562,99.24835,61.766483,40.267082,92.07663,25.392263,99.54025
