difficulty,ChrfPatchMetric,TERMetric,PatchMetric,BleuPatchMetric,LineMetric,TERPatchMetric,ChrfMetric,BleuMetric,CrystalBleuPatchMetric,CrystalBleuMetric,MSEMetric,FeatureMatchMetric,ClipTextMetric,ImageDiffMetric,ClipImageMetric,LPIPSMetric,PSNRMetric,MSSSIMMetric
easy,56.438305,97.68927,0.0,25.955952,83.33333,55.544357,98.6452,96.5792,25.743456,95.47096,99.664536,62.36199,25.444635,69.09195,99.1876,95.5362,41.12207,92.42849
medium,34.49369,95.665634,0.0,5.7632375,0.0,52.77778,98.218254,95.46688,6.106999,93.805275,99.67127,77.10844,25.626451,74.702484,99.46462,97.38159,45.606182,96.787094
hard,40.115948,93.408966,0.0,6.2956357,0.0,52.86836,96.52077,92.94472,5.7126503,90.96173,99.24835,61.766483,25.392262,65.6066,99.54025,92.07663,40.267082,90.64562
