difficulty,best_ChrfPatchMetric,best_TERMetric,best_BleuPatchMetric,best_LineMetric,best_PatchMetric,best_ChrfMetric,best_BleuMetric,best_TERPatchMetric,best_CrystalBleuPatchMetric,best_CrystalBleuMetric,best_ClipTextMetric,best_PSNRMetric,best_FeatureMatchMetric,best_LPIPSMetric,best_MSSSIMMetric,best_MSEMetric,best_ClipImageMetric
easy,33.56931337714195,92.94211483001709,17.05935875698924,31.25,6.25,98.36329889297485,94.12731838226318,57.51089096069336,16.327489556744695,92.76086187362671,24.683708429336548,44.04697632789612,50.45360007882118,78.54644811153412,73.24219405651093,96.37437343597412,92.13675737380981
medium,27.59602886835734,91.38743845621745,8.435239565372466,13.333333333333334,0.0,97.36806894938151,92.75063934326172,54.33809916178385,8.081066222985585,91.23688278198242,25.81570167541504,43.13387603759766,59.304633887608844,90.96302998860678,87.76395797729492,98.77110036214192,97.44366251627604
hard,17.416572162083217,92.40297263009208,2.354644292167255,7.142857142857143,0.0,96.56833103724888,92.59614780970982,51.79203087942941,1.7263940551451273,90.57153429303851,22.895497049604142,37.86961364746094,45.7468011038644,67.59680638994489,64.52508926391602,94.32887813023159,89.81096649169922
