difficulty,best_ChrfPatchMetric,best_TERMetric,best_BleuPatchMetric,best_LineMetric,best_PatchMetric,best_ChrfMetric,best_BleuMetric,best_TERPatchMetric,best_CrystalBleuPatchMetric,best_CrystalBleuMetric,best_ClipTextMetric,best_PSNRMetric,best_FeatureMatchMetric,best_LPIPSMetric,best_MSSSIMMetric,best_MSEMetric,best_ClipImageMetric
easy,22.76322078704834,97.25138473510742,1.4379799365997314,0.0,0.0,98.92493057250977,96.55533981323242,50.735294342041016,1.191381812095642,95.21719741821289,25.245007514953613,37.0766487121582,51.237552642822266,90.62503433227539,86.7315444946289,98.78614044189453,98.04365539550781
medium,24.432889938354492,96.03524017333984,2.4379794597625732,0.0,0.0,98.35914611816406,95.13601684570312,51.72413635253906,1.9623388051986694,94.80027770996094,25.876176834106445,40.85201644897461,72.81553649902344,95.6495590209961,95.13945770263672,99.68318176269531,98.94721221923828
hard,11.659031867980957,94.3722915649414,0.4201754033565521,0.0,0.0,97.74417877197266,94.67595672607422,51.32743453979492,0.3657265305519104,93.15013122558594,25.72357177734375,35.858707427978516,52.6315803527832,74.477783203125,64.37039947509766,97.0790023803711,96.71965789794922
