difficulty,best_TERMetric,best_BleuPatchMetric,best_ChrfPatchMetric,best_LineMetric,best_TERPatchMetric,best_ChrfMetric,best_BleuMetric,best_PatchMetric,best_CrystalBleuPatchMetric,best_CrystalBleuMetric,best_ClipTextMetric,best_PSNRMetric,best_FeatureMatchMetric,best_LPIPSMetric,best_MSSSIMMetric,best_MSEMetric,best_ClipImageMetric
easy,93.03512403700087,21.562523094316322,37.02237378226386,30.555555555555557,58.38813124762641,97.46341959635417,92.68419901529948,5.555555555555555,20.870477626721065,90.22909789615207,26.17539056142171,44.6614924536811,66.27216079499986,90.84108140733507,83.96006181504991,98.67933146158855,97.99221589830186
medium,86.88018979524311,17.087779062555025,34.89473227450722,26.31578947368421,56.155417793675475,96.40148965935958,89.28690840068616,0.0,16.621313003725128,86.70970053421824,25.134280455739873,42.84584697924162,60.807331235785234,87.59831789920204,83.02386344106574,97.58884630705181,97.21936115465667
hard,89.4832607269287,1.0182510558515787,16.991204833984376,15.0,51.27727508544922,95.66218719482421,91.7862045288086,0.0,0.9193342562764883,89.55033569335937,25.450751304626465,39.987029266357425,55.381921243667605,85.56271858215332,79.40884408950805,98.16523361206055,97.24865036010742
