difficulty,best_TERMetric,best_BleuPatchMetric,best_ChrfPatchMetric,best_LineMetric,best_TERPatchMetric,best_ChrfMetric,best_BleuMetric,best_PatchMetric,best_CrystalBleuPatchMetric,best_CrystalBleuMetric,best_ClipTextMetric,best_PSNRMetric,best_FeatureMatchMetric,best_LPIPSMetric,best_MSSSIMMetric,best_MSEMetric,best_ClipImageMetric
easy,97.8052978515625,4.984340190887451,25.591739654541016,0.0,51.67410659790039,98.59064865112305,96.66301727294922,0.0,4.876801133155823,95.28773498535156,25.58476448059082,41.503089904785156,68.66883087158203,93.56690979003906,94.35148239135742,99.59630966186523,98.5881233215332
medium,94.92537689208984,2.3115017414093018,23.348405838012695,0.0,50.0,97.86228942871094,94.43527221679688,0.0,1.8315956592559814,93.6021499633789,25.204879760742188,42.15813446044922,68.51851654052734,95.64376068115234,94.03522491455078,99.60327911376953,98.96528625488281
hard,92.31013107299805,0.9048884510993958,17.017822265625,0.0,50.987396240234375,95.47284317016602,93.41677474975586,0.0,0.7420028746128082,90.08917617797852,25.194392204284668,39.5631217956543,62.970651626586914,90.40670776367188,87.72136688232422,99.16046905517578,98.98745346069336
