difficulty,best_ChrfPatchMetric,best_TERMetric,best_BleuPatchMetric,best_LineMetric,best_TERPatchMetric,best_ChrfMetric,best_BleuMetric,best_PatchMetric,best_CrystalBleuPatchMetric,best_CrystalBleuMetric,best_PSNRMetric,best_MSSSIMMetric,best_FeatureMatchMetric,best_ClipImageMetric,best_MSEMetric,best_ClipTextMetric,best_LPIPSMetric
easy,65.01207179493375,93.47943369547527,48.462224904033874,72.22222222222223,66.23544714185927,93.01614507039388,91.64706424238388,5.555555555555555,47.31375927560859,89.55779096815321,47.05659845140245,90.14996125962999,69.69105042351617,98.96550750732422,99.33576244778104,25.675835609436035,95.79076936509874
medium,36.64873748355441,88.22558085123698,15.899350851774216,25.0,56.05264748467339,86.3285042113728,83.4525612725152,0.0,15.180979454682934,81.80097579956055,44.95855924818251,89.06221718258328,68.34097258249919,99.11955473158095,99.06332567003038,25.555404557122124,94.35338338216145
hard,43.45011029924665,81.58002744402204,19.34932701928275,26.19047600882394,58.58493859427316,83.47820009504046,76.89453342997108,0.0,17.11258272613798,75.38937704918146,43.683958871024,90.28732735770089,70.08695929391044,99.07658168247768,99.09212057931083,25.701839719499862,92.01820700509208
