difficulty,best_ChrfPatchMetric,best_TERMetric,best_BleuPatchMetric,best_LineMetric,best_TERPatchMetric,best_ChrfMetric,best_BleuMetric,best_PatchMetric,best_CrystalBleuPatchMetric,best_CrystalBleuMetric,best_PSNRMetric,best_MSSSIMMetric,best_FeatureMatchMetric,best_ClipImageMetric,best_MSEMetric,best_ClipTextMetric,best_LPIPSMetric
easy,80.44499588012695,98.27838897705078,45.89299392700195,100.0,63.24786186218262,99.17333984375,98.67572402954102,0.0,44.540283203125,97.47936248779297,43.483577728271484,94.78924179077148,73.12903213500977,99.43317031860352,99.67961883544922,25.70083236694336,96.13658905029297
medium,34.92841911315918,92.6798095703125,5.772942304611206,0.0,52.14646530151367,97.890869140625,93.7926139831543,0.0,4.464803457260132,90.95004653930664,43.752079010009766,95.35476303100586,74.60254287719727,99.3249626159668,99.5992317199707,25.406018257141113,96.06594467163086
hard,42.154415130615234,88.61209869384766,14.32888412475586,0.0,56.48147964477539,96.62374114990234,93.30213165283203,0.0,10.176217079162598,90.56705474853516,46.25715255737305,94.86665344238281,72.7272720336914,98.99005889892578,99.56621551513672,26.11438751220703,95.73776245117188
