config,PatchMetric,LineMetric,TERPatchMetric,BleuMetric,PSNRMetric,BleuPatchMetric,LPIPSMetric,ClipTextMetric,MSEMetric,ClipImageMetric,FeatureMatchMetric,MSSSIMMetric,ChrfPatchMetric,ChrfMetric,CrystalBleuPatchMetric,TERMetric,CrystalBleuMetric
simpleLLM_deepseekr1distillllama70b_pk_1_t_0.7,0.0,0.0,51.89285659790039,96.62527465820312,44.9902458190918,8.285279273986816,96.61040115356445,25.591465950012207,99.67506408691406,99.45611190795898,74.97315979003906,95.26853561401367,38.80137634277344,98.68853378295898,6.7169318199157715,97.23538589477539,95.21884155273438
simpleLLM_deepseekr1distillllama70b_pk_5_t_0.7,0.0,50.0,52.40998840332031,96.15591049194336,44.796194076538086,13.395386695861816,96.58228302001953,25.56883716583252,99.7521858215332,99.46208572387695,77.7692756652832,96.01350402832031,49.32421875,98.54256057739258,13.080784797668457,96.39005279541016,94.91410827636719
simpleLLM_deepseekr1distillllama70b_pk_5_t_1.5,0.0,50.0,52.98463439941406,95.53427505493164,44.85648727416992,19.42880344390869,96.19266510009766,25.500869750976562,99.6411361694336,99.38633728027344,73.52941131591797,95.28826141357422,47.60571479797363,98.2513542175293,18.662124633789062,96.30757522583008,93.24907684326172
simpleLLM_llama3.18binstant_pk_1_t_0.7,0.0,0.0,51.38888931274414,95.19160461425781,39.68148994445801,1.6173972487449646,91.83150100708008,25.71550750732422,99.32672882080078,98.43611526489258,56.61836624145508,88.9248046875,22.61669158935547,98.30661392211914,1.266220211982727,95.77765274047852,94.37272262573242
simpleLLM_llama3.370bversatile_pk_1_t_0.7,0.0,0.0,54.51766395568848,96.14850234985352,43.17506408691406,10.22078561782837,96.54061126708984,25.891090393066406,99.67127227783203,99.46461486816406,72.36842346191406,95.51799011230469,42.213857650756836,98.30646896362305,9.769201278686523,96.81969833374023,93.83062744140625
simpleLLM_llama3.370bversatile_pk_5_t_0.7,0.0,50.0,56.20192337036133,96.4383316040039,44.155723571777344,19.024516105651855,97.13877868652344,25.93402671813965,99.71627044677734,99.58306884765625,74.32432556152344,95.97686004638672,52.31129264831543,98.39766693115234,18.485822677612305,97.17910766601562,94.81070327758789
simpleLLM_llama370b8192_pk_1_t_0.7,0.0,0.0,52.4521541595459,94.27978515625,43.43415451049805,6.692929029464722,96.34445190429688,25.421939849853516,99.67816925048828,99.32023620605469,67.34693908691406,95.04521179199219,35.87520790100098,97.83471298217773,5.163806915283203,94.44839477539062,92.09479141235352
